2022 MLB Salaries,, ,,,,
Player,Pos'n,MLS,2022 ,,Total,"$4,335,687,674"
"Scherzer, Max",rhp-s,13.079,"$43,333,333 ",,Average,"$4,451,425"
"Trout, Mike",cf,10.070,"$37,116,667 ",,Median,"$1,250,000"
"Rendon, Anthony",3b,8.130,"$36,571,429 ",,,
"Cole, Gerrit",rhp-s,8.111,"$36,000,000 ",,,
"Bauer, Trevor",rhp-s,7.078,"$35,333,333 ",,,
"Correa, Carlos",ss,6.119,"$35,100,000 ",,,
"Machado, Manny",3b,9.056,"$34,000,000 ",,,
"Seager, Corey",ss,6.032,"$33,000,000 ",,,
"Arenado, Nolan",3b,8.155,"$32,974,847 ",,,
"Lindor, Francisco",ss,6.113,"$32,477,277 ",,,
"Strasburg, Stephen",rhp-s,11.118,"$32,205,854 ",,,
"Cabrera, Miguel",1b,18.101,"$32,000,000 ",,,
"Price, David",lhp-s,11.164,"$32,000,000 ",,,
"Springer, George",cf,7.166,"$29,666,667 ",,,
"Altuve, Jose",2b,10.072,"$29,200,000 ",,,
"Stanton, Giancarlo",dh-rf,11.118,"$29,000,000 ",,,
"Harper, Bryce",rf,9.159,"$27,538,462 ",,,
"deGrom, Jacob",rhp-s,7.139,"$27,257,728 ",,,
"Wheeler, Zack",rhp-s,8.098,"$26,000,000 ",,,
"Yelich, Christian",cf,8.069,"$26,000,000 ",,,
"Freeman, Freddie",1b,11.033,"$25,440,196 ",,,
"Goldschmidt, Paul",1b,10.059,"$25,333,333 ",,,
"Verlander, Justin",rhp-s,16.002,"$25,000,000 ",,,
"Votto, Joey",1b,14.027,"$25,000,000 ",,,
"Semien, Marcus",ss,7.118,"$25,000,000 ",,,
"Stroman, Marcus",rhp-s,7.026,"$25,000,000 ",,,
"Sale, Chris",lhp-s,11.061,"$24,172,484 ",,,
"Cano, Robinson",2b,15.076,"$24,000,000 ",,,
"Realmuto, J.T.",c,7.038,"$23,875,000 ",,,
"Donaldson, Josh",3b,9.158,"$23,750,000 ",,,
"Corbin, Patrick",lhp-s,9.105,"$23,416,667 ",,,
"Myers, Wil",rf,8.104,"$22,500,000 ",,,
"Heyward, Jason",rf,12.000,"$22,000,000 ",,,
"Ramírez, José",3b,7.074,"$22,000,000 ",,,
"Bumgarner, Madison",lhp-s,11.127,"$21,882,892 ",,,
"Rodón, Carlos",lhp-s,6.168,"$21,500,000 ",,,
"Hosmer, Eric",1b,10.146,"$21,000,000 ",,,
"Blackmon, Charlie",rf-cf,9.102,"$21,000,000 ",,,
"Gausman, Kevin",rhp-s,7.151,"$21,000,000 ",,,
"Ray, Robbie",lhp-s,7.007,"$21,000,000 ",,,
"Syndergaard, Noah",rhp-s,6.149,"$21,000,000 ",,,
"Turner, Trea",ss,5.135,"$21,000,000 ",,,
"Morton, Charlie",rhp-s,13.010,"$20,000,000 ",,,
"Darvish, Yu",rhp-s,10.000,"$20,000,000 ",,,
"Ryu, Hyun-Jin",lhp-s,9.000,"$20,000,000 ",,,
"Bogaerts, Xander",ss,8.042,"$20,000,000 ",,,
"Castellanos, Nick",lf-dh,8.029,"$20,000,000 ",,,
"Báez, Javier",ss,6.089,"$20,000,000 ",,,
"Story, Trevor",2b,6.000,"$20,000,000 ",,,
"Turner, Justin",3b,11.045,"$19,579,357 ",,,
"Longoria, Evan",3b,13.170,"$19,492,642 ",,,
"Martinez, J.D.",rf,10.036,"$19,375,000 ",,,
"Abreu, José",1b,8.000,"$19,131,153 ",,,
"Schwarber, Kyle",lf-dh,6.086,"$19,000,000 ",,,
"Judge, Aaron",rf-dh,5.051,"$19,000,000 ",,,
"Betts, Mookie",rf,7.070,"$18,658,692 ",,,
"Lynn, Lance",rhp-s,10.119,"$18,500,000 ",,,
"Belt, Brandon",1b,10.128,"$18,400,000 ",,,
"Grandal, Yasmani",c,9.115,"$18,250,000 ",,,
"Perez, Salvador",c,10.050,"$18,000,000 ",,,
"Cain, Lorenzo",cf-rf,9.099,"$18,000,000 ",,,
"Keuchel, Dallas",lhp-s,9.031,"$18,000,000 ",,,
"Bryant, Kris",3b,6.171,"$18,000,000 ",,,
"Wainwright, Adam",rhp-s,16.027,"$17,500,000 ",,,
"Soto, Juan",lf,3.134,"$17,100,000 ",,,
"Kershaw, Clayton",lhp-s,13.105,"$17,000,000 ",,,
"Eovaldi, Nathan",rhp-s,10.013,"$17,000,000 ",,,
"Mikolas, Miles",rhp-s,5.037,"$17,000,000 ",,,
"Bellinger, Cody",1b-of,4.160,"$17,000,000 ",,,
"Brantley, Michael",lf,11.131,"$16,000,000 ",,,
"Jansen, Kenley",rhp-c,11.073,"$16,000,000 ",,,
"Chapman, Aroldis",lhp-c,11.009,"$16,000,000 ",,,
"Kimbrel, Craig",rhp,10.161,"$16,000,000 ",,,
"Moustakas, Mike",3b,10.111,"$16,000,000 ",,,
"Crawford, Brandon",ss,10.094,"$16,000,000 ",,,
"Rizzo, Anthony",1b,9.168,"$16,000,000 ",,,
"Ozuna, Marcell",lf,8.124,"$16,000,000 ",,,
"Kikuchi, Yusei",lhp-s,3.000,"$16,000,000 ",,,
"McCullers Jr., Lance",rhp-s,6.140,"$15,950,000 ",,,
"Marte, Starling",cf,8.162,"$15,750,000 ",,,
"Nola, Aaron",rhp-s,6.076,"$15,500,000 ",,,
"Gregorius, Didi",ss,8.159,"$15,013,985 ",,,
"LeMahieu, D.J.",2b,9.128,"$15,000,000 ",,,
"Gray, Jon",rhp-s,6.062,"$15,000,000 ",,,
"Taylor, Chris",cf,6.037,"$15,000,000 ",,,
"Olson, Matt",1b,4.103,"$15,000,000 ",,,
"Acuña, Ronald",lf,3.159,"$15,000,000 ",,,
"Segura, Jean",2b,9.065,"$14,850,000 ",,,
"Pollock, A.J.",cf,9.052,"$14,500,000 ",,,
"Hendricks, Kyle",rhp-s,7.081,"$14,500,000 ",,,
"Andrus, Elvis",ss,13.000,"$14,250,000 ",,,
"Britton, Zack",lhp,9.158,"$14,000,000 ",,,
"Rodriguez, Eduardo",lhp-s,6.130,"$14,000,000 ",,,
"Moncada, Yoán",2b-3b,4.106,"$13,800,000 ",,,
"Hendriks, Liam",rhp,7.164,"$13,333,333 ",,,
"Snell, Blake",lhp-s,5.072,"$13,100,000 ",,,
"Greinke, Zack",rhp-s,17.057,"$13,000,000 ",,,
"Smith, Will",lhp,8.155,"$13,000,000 ",,,
"Canha, Mark",1b-lf,6.092,"$13,000,000 ",,,
"Bregman, Alex",3b,5.070,"$13,000,000 ",,,
"Muncy, Max",1b,5.027,"$13,000,000 ",,,
"Wood, Alex",lhp-s,8.123,"$12,500,000 ",,,
"Chapman, Matt",3b,4.109,"$12,500,000 ",,,
"Odor, Rougned",2b,7.121,"$12,333,333 ",,,
"Kiermaier, Kevin",cf,7.131,"$12,166,667 ",,,
"Cruz, Nelson",dh-rf,14.082,"$12,000,000 ",,,
"Carrasco, Carlos",rhp-s,10.147,"$12,000,000 ",,,
"Garcia, Avisaíl",dh-rf,8.167,"$12,000,000 ",,,
"DeSclafani, Anthony",rhp-s,7.062,"$12,000,000 ",,,
"Soler, Jorge",dh-rf,6.143,"$12,000,000 ",,,
"Gray, Sonny",rhp-s,8.061,"$11,825,000 ",,,
"Severino, Luis",rhp-s,5.170,"$11,500,000 ",,,
"Márquez, Germán",rhp-s,5.027,"$11,300,000 ",,,
"Suárez, Eugenio",ss,7.061,"$11,285,714 ",,,
"Devers, Rafael",3b,4.070,"$11,200,000 ",,,
"Berríos, José O.",rhp-s,5.044,"$11,000,000 ",,,
"Hader, Josh",lhp,4.115,"$11,000,000 ",,,
"Hicks, Aaron",of,8.041,"$10,785,714 ",,,
"Hernández, Teoscar",lf,4.097,"$10,650,000 ",,,
"Sanó, Miguel",1b-dh,6.066,"$10,583,333 ",,,
"Santana, Carlos",dh-1b,11.115,"$10,500,000 ",,,
"Grichuk, Randal",cf,7.033,"$10,333,333 ",,,
"Gallo, Joey",of-3b,5.103,"$10,275,000 ",,,
"Díaz, Edwin",rhp-c,5.121,"$10,200,000 ",,,
"Molina, Yadier",c,17.123,"$10,000,000 ",,,
"Minor, Mike",lhp-s,10.138,"$10,000,000 ",,,
"Miley, Wade",lhp-s,10.025,"$10,000,000 ",,,
"Escobar, Eduardo",3b,9.128,"$10,000,000 ",,,
"Pomeranz, Drew",lhp,9.013,"$10,000,000 ",,,
"Pressly, Ryan",rhp,8.039,"$10,000,000 ",,,
"Iglesias, Raisel",rhp-c,6.154,"$10,000,000 ",,,
"Knebel, Corey",rhp,6.151,"$10,000,000 ",,,
"Bell, Josh",1b-rf,5.053,"$10,000,000 ",,,
"Swanson, Dansby",ss,5.047,"$10,000,000 ",,,
"Hayes, Ke'Bryan",3b,1.075,"$10,000,000 ",,,
"Manaea, Sean",lhp-s,5.157,"$9,750,000 ",,,
"Contreras, Willson",c,5.108,"$9,625,000 ",,,
"Anderson, Tim",ss,5.115,"$9,500,000 ",,,
"Duvall, Adam",rf,5.151,"$9,275,000 ",,,
"Buxton, Byron",cf,5.160,"$9,142,857 ",,,
"Bradley, Jackie Jr.",cf,7.150,"$9,139,485 ",,,
"Cobb, Alex",rhp-s,10.061,"$9,000,000 ",,,
"Rosario, Eddie",lf,6.120,"$9,000,000 ",,,
"Sanchez, Gary",c,5.086,"$9,000,000 ",,,
"Bassitt, Chris",rhp,5.130,"$8,650,000 ",,,
"Musgrove, Joe",rhp-s,5.063,"$8,625,000 ",,,
"McCutchen, Andrew",lf,12.123,"$8,500,000 ",,,
"Wong, Kolten",2b,8.045,"$8,500,000 ",,,
"Heaney, Andrew",lhp-s,6.150,"$8,500,000 ",,,
"Matz, Steven",lhp-s,6.099,"$8,500,000 ",,,
"Benintendi, Andrew",lf,5.062,"$8,500,000 ",,,
"Marte, Ketel",cf-2b,5.162,"$8,400,000 ",,,
"McCann, James",c,7.028,"$8,150,000 ",,,
"Barnes, Matt",rhp,6.110,"$8,125,000 ",,,
"Kluber, Corey",rhp-s,9.074,"$8,000,000 ",,,
"Kelly, Joe",rhp,9.029,"$8,000,000 ",,,
"Harris, Will",rhp,8.102,"$8,000,000 ",,,
"d'Arnaud, Travis",c,8.044,"$8,000,000 ",,,
"Odorizzi, Jake",rhp-s,8.042,"$8,000,000 ",,,
"Walker, Taijuan",rhp-s,7.142,"$8,000,000 ",,,
"Peralta, David",lf,7.120,"$8,000,000 ",,,
"Treinen, Blake",rhp,7.065,"$8,000,000 ",,,
"Graveman, Kendall",rhp,6.078,"$8,000,000 ",,,
"Neris, Héctor",rhp,6.068,"$8,000,000 ",,,
"Anderson, Tyler",lhp-s,6.065,"$8,000,000 ",,,
"Frazier, Adam",ss-of,5.075,"$8,000,000 ",,,
"Gurriel, Yulieski",1b,5.043,"$8,000,000 ",,,
"Clevinger, Mike",rhp-s,5.033,"$8,000,000 ",,,
"Urías, Julio",lhp-s,4.117,"$8,000,000 ",,,
"Suzuki, Seiya",of,0.000,"$8,000,000 ",,,
"Guerrero, Vladimir Jr.",3b,2.157,"$7,900,000 ",,,
"Ahmed, Nick",ss,7.054,"$7,875,000 ",,,
"May, Trevor",rhp,7.012,"$7,750,000 ",,,
"Haniger, Mitch",rf,5.048,"$7,750,000 ",,,
"Hoskins, Rhys",1b,4.053,"$7,700,000 ",,,
"Gibson, Kyle",rhp-s,8.039,"$7,666,667 ",,,
"Renfroe, Hunter",rf,4.165,"$7,650,000 ",,,
"Hernández, Enrique",2b-ss,7.054,"$7,624,090 ",,,
"Piscotty, Stephen",rf,6.076,"$7,583,333 ",,,
"Loup, Aaron",lhp,9.040,"$7,500,000 ",,,
"Schoop, Jonathan",2b-3b,8.027,"$7,500,000 ",,,
"Barnhart, Tucker",c,7.075,"$7,500,000 ",,,
"Mancini, Trey",1b,5.015,"$7,500,000 ",,,
"Giolito, Lucas",rhp-s,4.080,"$7,450,000 ",,,
"Alonso, Pete",1b,3.000,"$7,400,000 ",,,
"Castillo, Luis",rhp-s,4.101,"$7,350,000 ",,,
"Jiménez, Eloy",rf,3.000,"$7,333,333 ",,,
"Rogers, Taylor",lhp,5.145,"$7,300,000 ",,,
"Aguilar, Jesús",1b,5.082,"$7,300,000 ",,,
"Senzatela, Antonio",rhp-s,4.106,"$7,250,000 ",,,
"Buehler, Walker",rhp,3.168,"$7,250,000 ",,,
"Wacha, Michael",rhp-s,8.062,"$7,000,000 ",,,
"Zunino, Mike",c,7.165,"$7,000,000 ",,,
"Cron, C.J.",1b-dh,7.097,"$7,000,000 ",,,
"Vázquez, Christian",c,7.031,"$7,000,000 ",,,
"Oberg, Scott",rhp,6.063,"$7,000,000 ",,,
"Tepera, Ryan",rhp,6.008,"$7,000,000 ",,,
"Merrifield, Whit",rf-2b,5.101,"$7,000,000 ",,,
"Nimmo, Brandon",lf,5.042,"$7,000,000 ",,,
"Freeland, Kyle",lhp-s,4.144,"$7,000,000 ",,,
"Happ, Ian",cf,4.036,"$6,850,000 ",,,
"Fried, Max",lhp-s,3.148,"$6,850,000 ",,,
"Woodruff, Brandon",rhp-s,3.161,"$6,800,000 ",,,
"Lorenzen, Michael",rhp-s,6.159,"$6,750,000 ",,,
"Kepler, Max",rf,5.152,"$6,750,000 ",,,
"Reynolds, Bryan",of,2.163,"$6,750,000 ",,,
"Urshela, Giovanny",3b,4.127,"$6,550,000 ",,,
"Profar, Jurickson",2b,7.165,"$6,500,000 ",,,
"Chafin, Andrew",lhp,7.020,"$6,500,000 ",,,
"Burnes, Corbin",rhp-s,3.049,"$6,500,000 ",,,
"Winker, Jesse",lf-rf,4.080,"$6,250,000 ",,,
"Torres, Gleyber",ss,3.162,"$6,250,000 ",,,
"DeJong, Paul",ss,4.127,"$6,166,667 ",,,
"Hudson, Daniel",rhp,11.106,"$6,000,000 ",,,
"Melancon, Mark",rhp-c,11.098,"$6,000,000 ",,,
"Lyles, Jordan",rhp,10.002,"$6,000,000 ",,,
"Gomes, Yan",c,9.083,"$6,000,000 ",,,
"Familia, Jeurys",rhp,9.023,"$6,000,000 ",,,
"Hand, Brad",lhp,8.092,"$6,000,000 ",,,
"Miller, Brad",2b,8.004,"$6,000,000 ",,,
"Paxton, James",lhp-s,7.151,"$6,000,000 ",,,
"Pederson, Joc",cf,7.028,"$6,000,000 ",,,
"Pham, Tommy",lf,6.107,"$6,000,000 ",,,
"Montgomery, Jordan",lhp-s,4.153,"$6,000,000 ",,,
"Crawford, J.P.",ss,3.163,"$6,000,000 ",,,
"Bieber, Shane",rhp-s,3.097,"$6,000,000 ",,,
"Martinez, Nick",rhp-s,3.002,"$6,000,000 ",,,
"Robert, Luis",cf,2.000,"$6,000,000 ",,,
"Kim, Ha-Seong",2b-ss,1.000,"$6,000,000 ",,,
"Suarez, Robert",rhp,0.000,"$6,000,000 ",,,
"Taillon, Jameson",rhp-s,5.110,"$5,800,000 ",,,
"Candelario, Jeimer",3b,4.038,"$5,800,000 ",,,
"Báez, Pedro",rhp,7.059,"$5,750,000 ",,,
"Gonzales, Marco",lhp,4.102,"$5,750,000 ",,,
"Tatis Jr., Fernando",ss,3.000,"$5,714,286 ",,,
"Margot, Manuel",cf,5.012,"$5,600,000 ",,,
"Eflin, Zach",rhp-s,5.018,"$5,550,000 ",,,
"Pineda, Michael",rhp-s,9.165,"$5,500,000 ",,,
"García, Leury",cf-2b,7.025,"$5,500,000 ",,,
"Ohtani, Shohei",rhp-s,4.000,"$5,500,000 ",,,
"Voit, Luke",1b,3.169,"$5,450,000 ",,,
"Giles, Ken",rhp,7.113,"$5,250,000 ",,,
"La Stella, Tommy",2b-3b,7.057,"$5,250,000 ",,,
"Leclerc, José",rhp-c,5.041,"$5,250,000 ",,,
"Kelly, Merrill",rhp-s,3.000,"$5,250,000 ",,,
"Calhoun, Kole",rf,8.130,"$5,200,000 ",,,
"Boyd, Matt",lhp-s,5.136,"$5,200,000 ",,,
"Bader, Harrison",cf,4.030,"$5,200,000 ",,,
"Mahle, Tyler",rhp-s,4.018,"$5,200,000 ",,,
"Glasnow, Tyler",rhp-s,4.158,"$5,100,000 ",,,
"Montas, Frankie",rhp,4.015,"$5,025,000 ",,,
"Hill, Rich",lhp-s,12.127,"$5,000,000 ",,,
"Maldonado, Martín",c,9.156,"$5,000,000 ",,,
"Iglesias, José",ss,9.036,"$5,000,000 ",,,
"Dickerson, Corey",dh-lf,8.101,"$5,000,000 ",,,
"Pérez, Roberto",c,7.083,"$5,000,000 ",,,
"Grossman, Robbie",lf,7.060,"$5,000,000 ",,,
"Rojas, Miguel",ss,7.043,"$5,000,000 ",,,
"Narváez, Omar",c,5.089,"$5,000,000 ",,,
"Polanco, Jorge",2b,5.024,"$5,000,000 ",,,
"Albies, Ozzie",2b,4.062,"$5,000,000 ",,,
"McMahon, Ryan",1b-3b,4.006,"$5,000,000 ",,,
"Flaherty, Jack",rhp-s,4.006,"$5,000,000 ",,,
"Fulmer, Michael",rhp-s,5.157,"$4,950,000 ",,,
"Rosario, Amed",ss-of,4.062,"$4,950,000 ",,,
"Gurriel, Lourdes",2b,3.094,"$4,928,571 ",,,
"Keller, Brad",rhp-s,4.000,"$4,825,000 ",,,
"Lamet, Dinelson",rhp-s,4.130,"$4,775,000 ",,,
"Castro, Jason",c,11.104,"$4,750,000 ",,,
"Dozier, Hunter",3b,4.060,"$4,750,000 ",,,
"Kiner-Falefa, Isiah",ss,4.000,"$4,700,000 ",,,
"Adames, Willy",ss,3.105,"$4,600,000 ",,,
"Wendle, Joey",3b-2b,4.088,"$4,550,000 ",,,
"Reyes, Franmil",rf,3.115,"$4,550,000 ",,,
"Kennedy, Ian",rhp,12.124,"$4,500,000 ",,,
"Richards, Garrett",rhp,9.148,"$4,500,000 ",,,
"Villar, Jonathan",2b,7.113,"$4,500,000 ",,,
"García, Yimi",rhp,6.149,"$4,500,000 ",,,
"Taylor, Michael A.",cf,6.129,"$4,500,000 ",,,
"Solano, Donovan",2b-3b,6.081,"$4,500,000 ",,,
"Anderson, Brian",3b,4.031,"$4,475,000 ",,,
"Díaz, Aledmys",ss,5.100,"$4,450,000 ",,,
"Bard, Daniel",rhp,5.103,"$4,400,000 ",,,
"Smyly, Drew",lhp-s,9.143,"$4,250,000 ",,,
"Raley, Brooks",lhp,2.045,"$4,250,000 ",,,
"Colomé, Alex",rhp,7.118,"$4,100,000 ",,,
"Naquin, Tyler",rf,5.033,"$4,025,000 ",,,
"Stammen, Craig",rhp,10.160,"$4,000,000 ",,,
"Ottavino, Adam",rhp,10.087,"$4,000,000 ",,,
"Harrison, Josh",2b,9.168,"$4,000,000 ",,,
"Simmons, Andrelton",ss,9.122,"$4,000,000 ",,,
"Pérez, Martín",lhp-s,9.038,"$4,000,000 ",,,
"Hernández, César",2b,7.154,"$4,000,000 ",,,
"McHugh, Collin",rhp,7.085,"$4,000,000 ",,,
"Bundy, Dylan",rhp-s,6.026,"$4,000,000 ",,,
"Hedges, Austin",c,5.166,"$4,000,000 ",,,
"Green, Chad",rhp,5.050,"$4,000,000 ",,,
"Fletcher, David",ss,3.111,"$4,000,000 ",,,
"Meadows, Austin",rf,3.074,"$4,000,000 ",,,
"Lowe, Brandon",2b-of,3.058,"$4,000,000 ",,,
"Tsutsugo, Yoshitomo",3b-of,1.146,"$4,000,000 ",,,
"Tapia, Raimel",of,4.020,"$3,950,000 ",,,
"Smith, Dominic",1b,3.146,"$3,950,000 ",,,
"Riley, Austin",3b,2.138,"$3,950,000 ",,,
"Lugo, Seth",rhp-s,5.082,"$3,925,000 ",,,
"Williams, Trevor",rhp-s,5.026,"$3,900,000 ",,,
"Yarbrough, Ryan",lhp-s,3.147,"$3,850,000 ",,,
"Duffey, Tyler",rhp,5.074,"$3,800,000 ",,,
"Alcantara, Sandy",rhp-s,3.100,"$3,800,000 ",,,
"Stripling, Ross",rhp,5.115,"$3,790,000 ",,,
"Bradley, Archie",rhp,6.112,"$3,750,000 ",,,
"Kahnle, Tommy",rhp,6.131,"$3,725,000 ",,,
"Yastrzemski, Mike",of,2.128,"$3,700,000 ",,,
"Jackson, Luke",rhp,5.019,"$3,600,000 ",,,
"Verdugo, Alex",of,3.078,"$3,550,000 ",,,
"Robertson, David",rhp,12.104,"$3,500,000 ",,,
"Diekman, Jake",lhp,9.050,"$3,500,000 ",,,
"Flores, Wilmer",2b-3b,8.003,"$3,500,000 ",,,
"Givens, Mychal",rhp,6.069,"$3,500,000 ",,,
"Piña, Manny",c,6.046,"$3,500,000 ",,,
"O'Neill, Tyler",lf,3.059,"$3,400,000 ",,,
"Garver, Mitch",c,4.045,"$3,335,000 ",,,
"Kelly, Carson",c,3.161,"$3,325,000 ",,,
"Maeda, Kenta",rhp-s,6.000,"$3,275,000 ",,,
"García, Luis",rhp,6.007,"$3,250,000 ",,,
"Choi, Ji-Man",1b,4.076,"$3,200,000 ",,,
"Farmer, Kyle",c,3.129,"$3,155,000 ",,,
"Santander, Anthony",rf,3.162,"$3,150,000 ",,,
"Steckenrider, Drew",rhp,4.094,"$3,100,000 ",,,
"Flexen, Chris",rhp-s,1.107,"$3,050,000 ",,,
"Estévez, Carlos",rhp,5.022,"$3,025,000 ",,,
"Duffy, Danny",lhp-s,10.085,"$3,000,000 ",,,
"Bass, Anthony",rhp,7.010,"$3,000,000 ",,,
"Velasquez, Vincent",rhp-s,6.086,"$3,000,000 ",,,
"Diaz, Elias",c,5.088,"$3,000,000 ",,,
"Kuhl, Chad",rhp-s,5.079,"$3,000,000 ",,,
"Strahm, Matt",lhp,5.064,"$3,000,000 ",,,
"Stassi, Max",c,5.049,"$3,000,000 ",,,
"Ruf, Darin",1b-of,4.138,"$3,000,000 ",,,
"Mondesi, Adalberto",ss,4.088,"$3,000,000 ",,,
"Floro, Dylan",rhp,4.053,"$3,000,000 ",,,
"Trivino, Lou",rhp,3.163,"$3,000,000 ",,,
"McNeil, Jeff",2b,3.069,"$3,000,000 ",,,
"Valdez, Framber",lhp,2.163,"$3,000,000 ",,,
"Johnson, Pierce",rhp,2.137,"$3,000,000 ",,,
"Means, John",lhp-s,3.007,"$2,950,000 ",,,
"Weaver, Luke",rhp,4.112,"$2,875,000 ",,,
"Reyes, Alex",rhp-s,4.056,"$2,850,000 ",,,
"Soroka, Mike",rhp-s,3.146,"$2,800,000 ",,,
"Díaz, Yandy",3b,3.122,"$2,800,000 ",,,
"Davis, J.D.",3b,3.137,"$2,760,000 ",,,
"Archer, Chris",rhp-s,8.156,"$2,750,000 ",,,
"Montero, Rafael",rhp,5.138,"$2,725,000 ",,,
"Pinder, Chad",2b-of,5.047,"$2,725,000 ",,,
"Alfaro, Jorge",c,4.083,"$2,725,000 ",,,
"Suter, Brent",lhp,4.161,"$2,700,000 ",,,
"Stratton, Chris",rhp-s,4.100,"$2,700,000 ",,,
"Barnes, Austin",c,5.098,"$2,650,000 ",,,
"Pivetta, Nick",rhp-s,3.166,"$2,650,000 ",,,
"López, Reynaldo",rhp-s,4.004,"$2,625,000 ",,,
"Castro, Miguel",rhp,5.079,"$2,620,000 ",,,
"Casali, Curt",c,5.151,"$2,600,000 ",,,
"Walker, Christian",1b,3.124,"$2,600,000 ",,,
"Lopez, Nicky",2b,2.139,"$2,550,000 ",,,
"Urías, Luis",2b-ss,2.120,"$2,550,000 ",,,
"Bote, David",2b,3.100,"$2,510,000 ",,,
"Quantrill, Cal",rhp-s,2.132,"$2,510,000 ",,,
"Pujols, Albert",dh-1b,21.000,"$2,500,000 ",,,
"Smith, Joe",rhp,13.091,"$2,500,000 ",,,
"McGee, Jake",lhp,10.127,"$2,500,000 ",,,
"Shaw, Bryan",rhp,9.152,"$2,500,000 ",,,
"McFarland, T.J.",lhp,7.072,"$2,500,000 ",,,
"Martin, Chris",rhp,4.133,"$2,500,000 ",,,
"Cooper, Garrett",rf-1b,4.053,"$2,500,000 ",,,
"Bummer, Aaron",lhp,3.150,"$2,500,000 ",,,
"VerHagen, Drew",rhp-s,3.066,"$2,500,000 ",,,
"Rodríguez, Joely",lhp,2.096,"$2,500,000 ",,,
"Peralta, Freddy",rhp-s,3.090,"$2,484,960 ",,,
"Stallings, Jacob",c,3.149,"$2,450,000 ",,,
"López, Pablo",rhp-s,3.093,"$2,450,000 ",,,
"Lauer, Eric",lhp,3.033,"$2,425,000 ",,,
"Houser, Adrian",rhp-s,3.010,"$2,425,000 ",,,
"Gallegos, Giovanny",rhp,3.085,"$2,410,000 ",,,
"Ross, Joe",rhp-s,5.018,"$2,400,000 ",,,
"Barlow, Scott",rhp,3.030,"$2,400,000 ",,,
"Wilson, Justin",lhp,9.035,"$2,300,000 ",,,
"Pagán, Emilio",rhp,4.091,"$2,300,000 ",,,
"Robles, Hansel",rhp,6.119,"$2,250,000 ",,,
"Leone, Dominic",rhp,5.168,"$2,250,000 ",,,
"Plawecki, Kevin",c,5.167,"$2,250,000 ",,,
"Bleier, Richard",lhp,5.074,"$2,250,000 ",,,
"Paddack, Chris",rhp-s,3.000,"$2,250,000 ",,,
"Kemp, Tony",2b-of,4.098,"$2,225,000 ",,,
"Minter, A.J.",lhp,3.154,"$2,200,000 ",,,
"Wisler, Matt",rhp-s,5.042,"$2,160,000 ",,,
"Peralta, Wandy",lhp,4.168,"$2,150,000 ",,,
"Mayers, Mike",rhp,4.020,"$2,150,000 ",,,
"Castillo, Diego",rhp,3.118,"$2,150,000 ",,,
"Fedde, Erick",rhp,3.099,"$2,150,000 ",,,
"Hembree, Heath",rhp,6.096,"$2,125,000 ",,,
"Arraez, Luis",2b,2.121,"$2,125,000 ",,,
"Biggio, Cavan",2b,2.129,"$2,112,500 ",,,
"Holland, Greg",rhp,9.163,"$2,100,000 ",,,
"Stanek, Ryne",rhp,4.038,"$2,100,000 ",,,
"Goodrum, Niko",ss,4.031,"$2,100,000 ",,,
"Laureano, Ramon",cf,3.014,"$2,046,154 ",,,
"Garrett, Amir",lhp,4.099,"$2,025,000 ",,,
"Sanchez, Anibal",rhp-s,14.083,"$2,000,000 ",,,
"Romo, Sergio",rhp,13.097,"$2,000,000 ",,,
"Quintana, Jose",lhp-s,9.133,"$2,000,000 ",,,
"Smith, Caleb",lhp-s,4.078,"$2,000,000 ",,,
"Engel, Adam",of,4.058,"$2,000,000 ",,,
"Caratini, Victor",c,4.051,"$2,000,000 ",,,
"Plesac, Zach",rhp,2.086,"$2,000,000 ",,,
"Jansen, Danny",c,3.050,"$1,950,000 ",,,
"Newman, Kevin",2b,3.046,"$1,950,000 ",,,
"Tellez, Rowdy",1b,3.004,"$1,940,000 ",,,
"Alvarado, José",lhp,4.088,"$1,900,000 ",,,
"Cisnero, José",rhp,4.020,"$1,900,000 ",,,
"Clase, Emmanuel",rhp-c,1.059,"$1,900,000 ",,,
"Hampson, Garrett",2b-ss,3.030,"$1,862,500 ",,,
"Slater, Austin",of,3.147,"$1,850,000 ",,,
"Kittredge, Andrew",rhp,3.070,"$1,850,000 ",,,
"Strickland, Hunter",rhp,6.033,"$1,825,000 ",,,
"Peterson, Jace",2b-3b,5.142,"$1,825,000 ",,,
"Gamel, Ben",cf,5.020,"$1,800,000 ",,,
"Cessa, Luis",rhp,4.131,"$1,800,000 ",,,
"Jiménez, Joe",rhp,4.061,"$1,790,000 ",,,
"Suzuki, Kurt",c,14.113,"$1,750,000 ",,,
"Cishek, Steve",rhp,10.143,"$1,750,000 ",,,
"Phelps, David",rhp,9.156,"$1,750,000 ",,,
"Boxberger, Brad",rhp,8.033,"$1,750,000 ",,,
"Norris, Daniel",lhp,6.073,"$1,750,000 ",,,
"Culberson, Charlie",inf,6.051,"$1,750,000 ",,,
"Herrera, Odúbel",cf,5.077,"$1,750,000 ",,,
"Germán, Domingo",rhp-s,3.017,"$1,750,000 ",,,
"Sewald, Paul",rhp,3.072,"$1,735,000 ",,,
"García, Jarlín",lhp,4.114,"$1,725,000 ",,,
"Robles, Victor",of,3.033,"$1,650,000 ",,,
"Loáisiga, Jonathan",rhp,3.022,"$1,650,000 ",,,
"Straw, Myles",cf,2.112,"$1,650,000 ",,,
"Alberto, Hanser",2b,5.085,"$1,600,000 ",,,
"Arcia, Orlando",ss,4.112,"$1,600,000 ",,,
"Sawamura, Hirokazu",rhp,1.000,"$1,600,000 ",,,
"Murphy, Tom",c,4.092,"$1,575,000 ",,,
"Cimber, Adam",rhp,3.156,"$1,575,000 ",,,
"Maton, Phil",rhp,4.047,"$1,550,000 ",,,
"Doolittle, Sean",lhp,9.122,"$1,500,000 ",,,
"Adrianza, Ehire",ss,7.131,"$1,500,000 ",,,
"Álvarez, Jose",lhp,7.035,"$1,500,000 ",,,
"Duffy, Matt",ss,6.059,"$1,500,000 ",,,
"Shaw, Travis",3b,6.053,"$1,500,000 ",,,
"Davies, Zach",rhp-s,6.020,"$1,500,000 ",,,
"Shreve, Chasen",lhp,5.158,"$1,500,000 ",,,
"Frazier, Clint",of,3.149,"$1,500,000 ",,,
"López, Jorge",rhp-s,3.102,"$1,500,000 ",,,
"Turnbull, Spencer",rhp-s,3.020,"$1,500,000 ",,,
"Jackson, Jay",rhp,0.170,"$1,500,000 ",,,
"Mejía, Francisco",c,3.062,"$1,455,000 ",,,
"Franco, Wander",ss,0.104,"$1,454,546 ",,,
"Brasier, Ryan",rhp,4.109,"$1,400,000 ",,,
"Camargo, Johan",2b,3.161,"$1,400,000 ",,,
"Luplow, Jordan",of,3.112,"$1,400,000 ",,,
"Reyes, Victor",rf,3.075,"$1,400,000 ",,,
"Matzek, Tyler",lhp,3.019,"$1,400,000 ",,,
"Phillips, Brett",of,3.013,"$1,400,000 ",,,
"Brooks, Aaron",rhp-s,2.102,"$1,400,000 ",,,
"White, Evan",1b,2.000,"$1,400,000 ",,,
"Moore, Dylan",3b,3.000,"$1,350,000 ",,,
"Hernandez, Elieser",rhp,3.118,"$1,325,000 ",,,
"Hill, Tim",lhp,3.112,"$1,325,000 ",,,
"Marisnick, Jake",cf,7.132,"$1,300,000 ",,,
"Thielbar, Caleb",lhp,3.131,"$1,300,000 ",,,
"Zimmer, Bradley",of,3.077,"$1,300,000 ",,,
"Calhoun, Willie",2b,3.033,"$1,300,000 ",,,
"O'Hearn, Ryan",1b,3.002,"$1,300,000 ",,,
"Stephenson, Robert",rhp,4.049,"$1,280,000 ",,,
"Castro, Harold",3b,2.141,"$1,275,000 ",,,
"Garcia, Luis",rhp-s,1.083,"$1,251,500 ",,,
"Chavez, Jesse",rhp,11.038,"$1,250,000 ",,,
"Chacín, Jhoulys",rhp-s,10.087,"$1,250,000 ",,,
"Franco, Maikel",3b,6.132,"$1,250,000 ",,,
"Ureña, José",rhp-s,6.040,"$1,250,000 ",,,
"Jankowski, Travis",cf,5.028,"$1,250,000 ",,,
"Ramirez, Noé",rhp,4.083,"$1,250,000 ",,,
"Crick, Kyle",rhp,4.047,"$1,250,000 ",,,
"Mayza, Tim",lhp,2.156,"$1,250,000 ",,,
"Senzel, Nick",of-3b,2.150,"$1,250,000 ",,,
"Wittgren, Nick",rhp,5.071,"$1,200,000 ",,,
"Arroyo, Christian",3b,3.036,"$1,200,000 ",,,
"Sims, Lucas",rhp,3.014,"$1,200,000 ",,,
"Berti, Jon",3b,2.168,"$1,200,000 ",,,
"Naylor, Josh",lf-1b,2.127,"$1,200,000 ",,,
"Torrens, Luis",c,2.118,"$1,200,000 ",,,
"Chirinos, Yonny",rhp-s,3.137,"$1,175,000 ",,,
"Garneau, Dustin",c,3.015,"$1,175,000 ",,,
"Lucchesi, Joey",lhp-s,3.067,"$1,150,000 ",,,
"Barnes, Jacob",rhp,4.157,"$1,130,000 ",,,
"Gonzalez, Marwin",rf-1b,9.128,"$1,100,000 ",,,
"Holmes, Clay",rhp,3.031,"$1,100,000 ",,,
"Hudson, Dakota",rhp-s,3.066,"$1,050,000 ",,,
"Scott, Tanner",lhp,3.059,"$1,050,000 ",,,
"Hearn, Taylor",lhp,2.140,"$1,050,000 ",,,
"Sadler, Casey",rhp,3.035,"$1,025,000 ",,,
"Kinley, Tyler",rhp,3.014,"$1,025,000 ",,,
"Martin, Brett",lhp,2.151,"$1,025,000 ",,,
"Taylor, Josh",lhp,2.121,"$1,025,000 ",,,
"O'Day, Darren",rhp,13.103,"$1,000,000 ",,,
"Escobar, Alcides",ss,10.003,"$1,000,000 ",,,
"Owings, Chris",ss,7.131,"$1,000,000 ",,,
"Yates, Kirby",rhp,7.021,"$1,000,000 ",,,
"Dickerson, Alex",lf,5.120,"$1,000,000 ",,,
"Heredia, Guillermo",of,4.112,"$1,000,000 ",,,
"Moran, Colin",3b,4.107,"$1,000,000 ",,,
"Armstrong, Shawn",rhp,3.129,"$1,000,000 ",,,
"Richards, Trevor",rhp-s,3.084,"$1,000,000 ",,,
"Coulombe, Daniel",lhp,3.008,"$979,500 ",,,
"Clarke, Taylor",rhp,2.106,"$975,000 ",,,
"Severino, Pedro",c,4.099,"$950,000 ",,,
"Springs, Jeffrey",lhp,3.055,"$947,500 ",,,
"Hicks, Jordan",rhp-s,4.000,"$937,500 ",,,
"Muñoz, Andrés",rhp,2.080,"$937,500 ",,,
"Higashioka, Kyle",c,3.005,"$935,000 ",,,
"Hoffman, Jeff",rhp-s,3.105,"$925,000 ",,,
"Adams, Austin L.",rhp,3.015,"$925,000 ",,,
"Luetge, Lucas",lhp,3.015,"$905,000 ",,,
"Chirinos, Robinson",c,9.022,"$900,000 ",,,
"Thornburg, Tyler",rhp,6.115,"$900,000 ",,,
"Drury, Brandon",3b,5.001,"$900,000 ",,,
"Maile, Luke",c,4.132,"$900,000 ",,,
"Newcomb, Sean",lhp-s,3.121,"$900,000 ",,,
"Arano, Victor",rhp,2.022,"$900,000 ",,,
"Adam, Jason",rhp,1.129,"$900,000 ",,,
"Nido, Tomás",c,3.089,"$890,000 ",,,
"Gallagher, Cam",c,3.106,"$885,000 ",,,
"Guillorme, Luis",inf,2.167,"$875,000 ",,,
"Voth, Austin",rhp,2.127,"$875,000 ",,,
"Rainey, Tanner",rhp,2.127,"$860,000 ",,,
"Pérez, Oliver",lhp,16.125,"$850,000 ",,,
"Lowrie, Jed",2b,13.111,"$850,000 ",,,
"Vogt, Stephen",1b-c,8.064,"$850,000 ",,,
"Farmer, Buck",rhp,5.018,"$850,000 ",,,
"Fry, Paul",lhp,3.075,"$850,000 ",,,
"Thornton, Trent",rhp-s,2.130,"$850,000 ",,,
"Anderson, Nick",rhp,3.000,"$845,000 ",,,
"Brebbia, John",rhp,4.057,"$837,500 ",,,
"Wendelken, J.B.",rhp,3.028,"$830,000 ",,,
"Bush, Matt",rhp,3.132,"$825,000 ",,,
"Wade, Tyler",2b,3.088,"$825,000 ",,,
"Borucki, Ryan",lhp-s,3.060,"$825,000 ",,,
"Guerra, Deolis",rhp,3.071,"$815,000 ",,,
"Strange-Gordon, Dee",2b-cf,8.154,"$800,000 ",,,
"Grimm, Justin",rhp,6.050,"$800,000 ",,,
"Knapp, Andrew",c,5.000,"$800,000 ",,,
"Hutchison, Drew",rhp-s,4.130,"$800,000 ",,,
"Vogelbach, Dan",1b,3.138,"$800,000 ",,,
"McKinney, Billy",of,2.107,"$800,000 ",,,
"Dobnak, Randy",rhp,2.043,"$800,000 ",,,
"Allen, Greg",of,2.030,"$800,000 ",,,
"Bemboom, Anthony",c,1.081,"$780,000 ",,,
"Alvarez, Yordan",1b-of,2.113,"$764,600 ",,,
"Tucker, Kyle",of,2.079,"$764,200 ",,,
"Ferguson, Caleb",lhp,3.093,"$762,500 ",,,
"Lambert, Peter",rhp,2.116,"$762,500 ",,,
"Sheffield, Justus",lhp,2.053,"$760,800 ",,,
"India, Jonathan",2b,1.000,"$760,000 ",,,
"Lewis, Kyle",of,2.020,"$757,900 ",,,
"Cronenworth, Jake",lf-rhp,2.000,"$757,200 ",,,
"Beeks, Jalen",lhp,3.070,"$750,000 ",,,
"Smith, Drew",rhp,3.034,"$750,000 ",,,
"Cease, Dylan",rhp,2.089,"$750,000 ",,,
"Blach, Ty",lhp-s,2.065,"$750,000 ",,,
"Javier, Cristian",rhp-s,2.000,"$749,100 ",,,
"Urquidy, José",rhp-s,2.049,"$748,700 ",,,
"Gallen, Zac",rhp-s,2.100,"$745,600 ",,,
"Mills, Alec",rhp,2.097,"$741,250 ",,,
"Oretga, Rafael",lf,1.145,"$738,500 ",,,
"France, Ty",3b,2.089,"$734,500 ",,,
"Heuer, Codi",rhp,2.000,"$734,000 ",,,
"Taylor, Blake",lhp,2.000,"$731,800 ",,,
"Rojas, Josh",2b,1.152,"$730,900 ",,,
"Toro, Abraham",3b,1.162,"$730,300 ",,,
"Beaty, Matt",1b,2.115,"$730,000 ",,,
"Suárez, Ranger",lhp,2.112,"$730,000 ",,,
"Duggar, Steven",of,2.110,"$730,000 ",,,
"Beede, Tyler",rhp,2.106,"$730,000 ",,,
"Smith, Will",c,2.090,"$730,000 ",,,
"Canning, Griffin",rhp,2.075,"$730,000 ",,,
"May, Dustin",rhp,2.059,"$730,000 ",,,
"Littell, Zack",rhp,2.059,"$730,000 ",,,
"Webb, Logan",rhp-s,2.044,"$730,000 ",,,
"Ríos, Edwin",3b,2.043,"$730,000 ",,,
"Kopech, Michael",rhp,2.041,"$730,000 ",,,
"Barría, Jaime",rhp,2.035,"$730,000 ",,,
"Wade, LaMonte",lf,2.035,"$730,000 ",,,
"Rogers, Tyler",rhp,2.034,"$730,000 ",,,
"Walsh, Jared",1b-rf,2.010,"$730,000 ",,,
"Wisdom, Patrick",3b-1b,1.058,"$730,000 ",,,
"Mazza, Chris",rhp,1.055,"$730,000 ",,,
"Katoh, Gosuke",2b,0.000,"$730,000 ",,,
"Grisham, Trent",cf,2.060,"$729,300 ",,,
"Romano, Jordan",rhp,2.051,"$728,400 ",,,
"Ramirez, Harold",of,2.124,"$728,000 ",,,
"Staumont, Josh",rhp,2.072,"$728,000 ",,,
"Domínguez, Seranthony",rhp,3.131,"$727,500 ",,,
"Cortes, Nestor",lhp-s,2.094,"$727,500 ",,,
"Nola, Austin",c,2.106,"$726,900 ",,,
"VanMeter, Josh",2b,2.062,"$726,800 ",,,
"Singer, Brady",rhp-s,2.000,"$726,250 ",,,
"Finnegan, Kyle",rhp,2.000,"$725,900 ",,,
"Gott, Trevor",rhp,3.057,"$725,000 ",,,
"Howard, Sam",lhp,2.115,"$725,000 ",,,
"Chavis, Michael",3b,2.089,"$725,000 ",,,
"Alford, Anthony",cf,2.053,"$725,000 ",,,
"Underwood, Duane",rhp,2.044,"$725,000 ",,,
"Murphy, Sean",c,2.029,"$725,000 ",,,
"Keller, Mitch",rhp,2.026,"$725,000 ",,,
"Banda, Anthony",lhp,2.008,"$725,000 ",,,
"Brubaker, JT",rhp,2.000,"$725,000 ",,,
"Wick, Rowan",rhp,2.114,"$724,000 ",,,
"Thomas, Lane",cf,2.014,"$723,600 ",,,
"Bichette, Bo",ss,2.063,"$723,550 ",,,
"Edman, Tommy",2b,2.114,"$722,900 ",,,
"Smith, Pavin",1b,1.050,"$722,900 ",,,
"King, Michael",rhp,2.004,"$722,500 ",,,
"Helsley, Ryan",rhp,2.105,"$722,450 ",,,
"Soto, Gregory",lhp,2.102,"$722,400 ",,,
"McGuire, Reese",c,2.027,"$722,400 ",,,
"Rogers, Trevor",lhp,1.093,"$722,000 ",,,
"Varsho, Daulton",c,1.128,"$721,700 ",,,
"Crismatt, Nabil",rhp,1.033,"$721,500 ",,,
"Stashak, Cody",rhp,2.064,"$720,400 ",,,
"Allard, Kolby",lhp,2.114,"$720,000 ",,,
"Davis, Austin",lhp,2.098,"$720,000 ",,,
"Santana, Dennis",rhp,2.095,"$720,000 ",,,
"Trevino, Jose",c,2.063,"$720,000 ",,,
"Ruiz, José",rhp,2.048,"$720,000 ",,,
"Hernández, Jonathan",rhp,2.041,"$720,000 ",,,
"Solak, Nick",2b,2.028,"$720,000 ",,,
"Dunn, Justin",rhp,2.020,"$720,000 ",,,
"Hoerner, Nico",2b,2.014,"$720,000 ",,,
"Aquíno, Aristides",rf,2.005,"$720,000 ",,,
"Antone, Tejay",rhp,2.000,"$720,000 ",,,
"Graterol, Brusdar",rhp,1.167,"$720,000 ",,,
"Ward, Taylor",3b,1.164,"$720,000 ",,,
"Mayfield, Jack",2b,1.163,"$720,000 ",,,
"Ynoa, Huascar",rhp,1.160,"$720,000 ",,,
"Gonsolin, Tony",rhp,1.152,"$720,000 ",,,
"Sandoval, Patrick",lhp,1.149,"$720,000 ",,,
"Phillips, Evan",rhp,1.136,"$720,000 ",,,
"Suarez, José",lhp,1.120,"$720,000 ",,,
"Lux, Gavin",ss,1.114,"$720,000 ",,,
"González, Victor",lhp,1.103,"$720,000 ",,,
"Vesia, Alex",lhp,1.103,"$720,000 ",,,
"Herget, Jimmy",rhp,1.074,"$720,000 ",,,
"Wright, Kyle",rhp-s,1.062,"$720,000 ",,,
"Stephenson, Tyler",c,1.056,"$720,000 ",,,
"Quijada, José",lhp,1.046,"$720,000 ",,,
"Adell, Jo",of,1.044,"$720,000 ",,,
"Whitlock, Garrett",rhp,1.000,"$720,000 ",,,
"Abreu, Bryan",rhp,1.022,"$719,600 ",,,
"Cabrera, Génesis",lhp,2.040,"$719,200 ",,,
"Knizner, Andrew",c,2.021,"$718,300 ",,,
"Alzolay, Adbert",rhp-s,1.050,"$718,250 ",,,
"Espinal, Santiago",2b,1.149,"$718,000 ",,,
"Chisholm, Jazz",ss,1.075,"$718,000 ",,,
"Alcala, Jorge",rhp,2.014,"$717,900 ",,,
"Coonrod, Sam",rhp,2.078,"$717,500 ",,,
"Reid-Foley, Sean",rhp,1.088,"$717,500 ",,,
"Poppen, Sean",rhp,1.016,"$717,400 ",,,
"Wieck, Brad",lhp,2.085,"$717,000 ",,,
"Mantiply, Joe",lhp,1.049,"$717,000 ",,,
"Civale, Aaron",rhp,2.058,"$716,900 ",,,
"Alexander, Tyler",lhp,2.058,"$716,900 ",,,
"Arozarena, Randy",lf,1.129,"$716,600 ",,,
"Mullins, Cedric",cf,2.078,"$716,500 ",,,
"Madrigal, Nick",2b,1.164,"$716,500 ",,,
"Espino, Paolo",rhp,1.074,"$716,200 ",,,
"Lowe, Nate",1b,1.145,"$716,000 ",,,
"Houck, Tanner",rhp,0.100,"$716,000 ",,,
"Sosa, Edmundo",ss,1.140,"$715,600 ",,,
"Lúzardo, Jesus",lhp-s,1.165,"$715,000 ",,,
"Estrada, Thairo",2b-ss,1.158,"$715,000 ",,,
"Tucker, Cole",ss,1.145,"$715,000 ",,,
"Peters, Dillon",lhp,1.144,"$715,000 ",,,
"Dubón, Mauricio",ss,1.142,"$715,000 ",,,
"Bohm, Alec",rhp,1.106,"$715,000 ",,,
"Brogdon, Connor",rhp,1.081,"$715,000 ",,,
"Bednar, David",rhp,1.076,"$715,000 ",,,
"Wilson, Bryse",rhp-s,1.076,"$715,000 ",,,
"Cederlind, Blake",rhp,1.036,"$715,000 ",,,
"Crochet, Garrett",lhp,1.028,"$715,000 ",,,
"Crowe, Wil",rhp,1.011,"$715,000 ",,,
"Vaughn, Andrew",1b,1.000,"$715,000 ",,,
"Oviedo, Luis",rhp,1.000,"$715,000 ",,,
"Misiewicz, Anthony",lhp,2.000,"$714,900 ",,,
"Williams, Devin",rhp,2.056,"$714,500 ",,,
"Karinchak, James",rhp,1.169,"$714,500 ",,,
"Fairbanks, Pete",rhp,2.057,"$714,400 ",,,
"Whitley, Kodi",rhp,1.115,"$714,350 ",,,
"Woodford, Jake",rhp,1.115,"$714,350 ",,,
"Mize, Casey",rhp-s,1.111,"$714,200 ",,,
"Mendick, Danny",ss,1.152,"$714,000 ",,,
"Collins, Zack",c,1.149,"$714,000 ",,,
"Sborz, Josh",rhp,1.113,"$714,000 ",,,
"Heim, Jonah",c,1.097,"$714,000 ",,,
"García, Adolis",rf,1.095,"$714,000 ",,,
"Howard, Spencer",rhp,1.088,"$714,000 ",,,
"Dunning, Dane",rhp,1.083,"$714,000 ",,,
"Dalbec, Bobby",3b,1.081,"$714,000 ",,,
"King, John",lhp,1.067,"$714,000 ",,,
"Burke, Brock",lhp,1.065,"$714,000 ",,,
"White, Eli",2b,1.065,"$714,000 ",,,
"Hernandez, Yadiel",lf,1.028,"$714,000 ",,,
"Bubic, Kris",lhp-s,1.148,"$713,750 ",,,
"Castellanos, Humberto",rhp,0.158,"$713,700 ",,,
"Skubal, Tarik",lhp,1.114,"$713,600 ",,,
"Kieboom, Carter",ss,1.086,"$713,400 ",,,
"Jeffers, Ryan",c,1.089,"$713,050 ",,,
"Hays, Austin",lf,2.057,"$713,000 ",,,
"Bender, Anthony",rhp,0.153,"$713,000 ",,,
"Schmidt, Clarke",rhp,1.010,"$712,500 ",,,
"Murphy, Patrick",rhp,1.002,"$712,500 ",,,
"Alcántara, Sergio",ss,0.168,"$712,500 ",,,
"Gilbert, Logan",rhp,0.144,"$712,300 ",,,
"Rasmussen, Drew",rhp,1.111,"$711,800 ",,,
"Swanson, Erik",rhp,2.096,"$711,600 ",,,
"Stewart, DJ",of,2.065,"$711,500 ",,,
"Tate, Dillon",rhp,2.048,"$711,500 ",,,
"Ramirez, Yohan",rhp,1.089,"$711,400 ",,,
"McClanahan, Shane",lhp,0.158,"$711,400 ",,,
"Brentz, Jake",lhp,1.000,"$711,250 ",,,
"Merryweather, Julian",rhp,1.114,"$711,200 ",,,
"Taylor, Tyrone",of,1.093,"$711,100 ",,,
"Sulser, Cole",rhp,2.028,"$711,000 ",,,
"Burr, Ryan",rhp,1.143,"$711,000 ",,,
"Foster, Matt",rhp,1.129,"$711,000 ",,,
"Mountcastle, Ryan",ss,1.105,"$711,000 ",,,
"Chargois, JT",rhp,2.101,"$710,500 ",,,
"Zuber, Tyler",rhp,1.087,"$710,500 ",,,
"Meyers, Jake",lf,0.065,"$710,500 ",,,
"Haase, Eric",c,1.072,"$710,400 ",,,
"Kirk, Alejandro",c,1.047,"$710,400 ",,,
"Pearson, Nate",rhp,1.061,"$710,300 ",,,
"Funkhouser, Kyle",rhp,1.133,"$710,200 ",,,
"Gomber, Austin",lhp,2.111,"$710,000 ",,,
"Rodgers, Brendan",ss,2.075,"$710,000 ",,,
"Blackburn, Paul",rhp,2.018,"$710,000 ",,,
"Valdez, Phillips",rhp,1.166,"$710,000 ",,,
"Fraley, Jake",cf,1.097,"$710,000 ",,,
"Anderson, Ian",rhp,1.094,"$710,000 ",,,
"Araúz, Jonathan",ss,1.060,"$710,000 ",,,
"Schrock, Max",2b,1.013,"$710,000 ",,,
"Cleavinger, Garrett",lhp,0.168,"$710,000 ",,,
"Davidson, Tucker",lhp,0.130,"$710,000 ",,,
"Contreras, William",c,0.112,"$710,000 ",,,
"White, Mitchell",rhp,0.099,"$710,000 ",,,
"Rojas, Jose",3b,0.095,"$710,000 ",,,
"Rodriguez, Chris",rhp,0.085,"$710,000 ",,,
"Pache, Cristian",of,0.079,"$710,000 ",,,
"Marsh, Brandon",of,0.078,"$710,000 ",,,
"Warren, Austin",rhp,0.068,"$710,000 ",,,
"Bruihl, Justin",lhp,0.057,"$710,000 ",,,
"Detmers, Reid",lhp-s,0.055,"$710,000 ",,,
"Ortega, Oliver",rhp,0.033,"$710,000 ",,,
"Criswell, Cooper",rhp,0.004,"$710,000 ",,,
"Strider, Spencer",rhp,0.003,"$710,000 ",,,
"Mercado, Oscar",of,2.054,"$709,900 ",,,
"Mateo, Jorge",rf,2.000,"$709,500 ",,,
"Akin, Keegan",lhp,1.083,"$709,500 ",,,
"Baddoo, Akii",of,1.000,"$709,400 ",,,
"Okert, Steven",lhp,1.109,"$709,000 ",,,
"Sánchez, Jesús",of,0.103,"$709,000 ",,,
"Hernández, Carlos",rhp-s,1.043,"$708,750 ",,,
"Payamps, Joel",rhp,1.027,"$708,750 ",,,
"Feyereisen, J.P.",rhp,1.108,"$708,600 ",,,
"Kirilloff, Alex",of,0.165,"$708,250 ",,,
"Machado, Andres",rhp,0.120,"$708,200 ",,,
"Sherriff, Ryan",lhp,1.029,"$708,000 ",,,
"Gutierrez, Vladimir",rhp,0.127,"$707,500 ",,,
"Abreu, Albert",rhp,0.114,"$707,500 ",,,
"Bart, Joey",c,0.112,"$707,500 ",,,
"Megill, Tylor",rhp,0.102,"$707,500 ",,,
"Rortvedt, Ben",c,0.100,"$707,500 ",,,
"Saucedo, Tayler",lhp,0.095,"$707,500 ",,,
"Fleming, Josh",lhp,1.076,"$707,400 ",,,
"Patiño, Luis",rhp,1.058,"$707,400 ",,,
"McKenzie, Triston",rhp,1.074,"$707,100 ",,,
"Hermosillo, Michael",of,1.064,"$707,000 ",,,
"Gordon, Nick",ss,0.136,"$706,800 ",,,
"Adams, Riley",c,0.092,"$706,700 ",,,
"Giménez, Andrés",ss,1.106,"$706,600 ",,,
"Gutiérrez, Kelvin",3b,1.157,"$706,500 ",,,
"Norwood, James",rhp,1.089,"$706,400 ",,,
"Cousins, Jake",rhp,0.105,"$706,400 ",,,
"Brosseau, Mike",3b,2.031,"$706,300 ",,,
"Rogers, Jake",c,1.040,"$706,300 ",,,
"Jones, Taylor",1b,0.144,"$706,200 ",,,
"Manoah, Alek",rhp,0.130,"$706,200 ",,,
"Ober, Bailey",rhp,0.124,"$706,200 ",,,
"Kelenic, Jarred",of,0.105,"$706,200 ",,,
"Nelson, Nick",rhp,1.049,"$706,000 ",,,
"Thompson, Keegan",rhp,0.131,"$706,000 ",,,
"Ibáñez, Andy",3b,0.122,"$706,000 ",,,
"Sheets, Gavin",1b,0.076,"$706,000 ",,,
"De La Cruz, Bryan",rf,0.066,"$706,000 ",,,
"Head, Louis",rhp,0.065,"$706,000 ",,,
"Olivares, Edward",cf,1.045,"$705,500 ",,,
"Zimmerman, Bruce",lhp-s,1.031,"$705,500 ",,,
"Urias, Ramón",2b,1.025,"$705,500 ",,,
"Kremer, Dean",rhp,0.112,"$705,500 ",,,
"Schwindel, Frank",1b,0.094,"$705,500 ",,,
"Chang, Yu-Cheng",ss,2.007,"$705,400 ",,,
"Manning, Matt",rhp,0.098,"$705,300 ",,,
"Nootbaar, Lars",rf,0.087,"$705,200 ",,,
"Milner, Hoby",lhp,2.064,"$705,100 ",,,
"Hiura, Keston",2b,2.029,"$705,100 ",,,
"Martin, Corbin",rhp,1.044,"$705,100 ",,,
"Hilliard, Sam",rf,1.144,"$705,000 ",,,
"Puk, A.J.",lhp,1.124,"$705,000 ",,,
"Irvin, Cole",lhp-s,1.120,"$705,000 ",,,
"Brown, Seth",1b,1.104,"$705,000 ",,,
"Daza, Yonathan",of,1.101,"$705,000 ",,,
"Pérez, Cionel",lhp,1.079,"$705,000 ",,,
"Nuñez, Dom",c,1.048,"$705,000 ",,,
"Allen, Austin",c,1.017,"$705,000 ",,,
"Castano, Daniel",lhp,1.009,"$705,000 ",,,
"Kaprielian, James",rhp,1.004,"$705,000 ",,,
"Goudeau, Ashton",rhp,1.000,"$705,000 ",,,
"Sheffield, Jordan",rhp,1.000,"$705,000 ",,,
"Steele, Justin",lhp,0.143,"$705,000 ",,,
"Romero, Seth",lhp,0.128,"$705,000 ",,,
"Thompson, Zach",rhp,0.121,"$705,000 ",,,
"Mears, Nick",rhp,0.113,"$705,000 ",,,
"Fletcher, Aaron",lhp,0.092,"$705,000 ",,,
"Park, Hoy Jun",2b,0.064,"$705,000 ",,,
"Yajure, Miguel",rhp,0.055,"$705,000 ",,,
"Reed, Jake",rhp,0.051,"$705,000 ",,,
"Kranick, Max",rhp,0.030,"$705,000 ",,,
"Guerra, Javier",ss,2.052,"$704,900 ",,,
"Hill, Derek",cf,1.010,"$704,900 ",,,
"García, Rony",rhp,1.142,"$704,800 ",,,
"Baez, Michel",rhp,1.104,"$704,700 ",,,
"Morejon, Adrian",lhp,2.013,"$704,500 ",,,
"Stubbs, Garrett",c,1.104,"$704,500 ",,,
"Wells, Tyler",rhp,1.000,"$704,500 ",,,
"Ashby, Aaron",lhp,0.046,"$704,500 ",,,
"Bukauskas, J.B.",rhp,0.100,"$704,100 ",,,
"Poteet, Cody",rhp,0.143,"$704,000 ",,,
"McKenna, Ryan",of,0.137,"$704,000 ",,,
"Barlow, Joe",rhp,0.103,"$704,000 ",,,
"Walls, Taylor",ss,0.083,"$704,000 ",,,
"Vierling, Matt",of,0.043,"$704,000 ",,,
"Siri, Jose",of,0.031,"$704,000 ",,,
"Carlson, Dylan",cf,1.104,"$703,800 ",,,
"McCormick, Chas",rf,1.000,"$703,800 ",,,
"Long, Sam",lhp,0.074,"$703,750 ",,,
"Doval, Camilo",rhp,0.071,"$703,750 ",,,
"Lange, Alex",rhp,0.112,"$703,700 ",,,
"Lynch, Daniel",lhp-s,0.083,"$703,600 ",,,
"Gray, Josiah",rhp-s,0.075,"$703,500 ",,,
"Stephan, Trevor",rhp,1.000,"$703,400 ",,,
"Romero, Jojo",lhp,1.117,"$703,000 ",,,
"Falter, Bailey",lhp,0.119,"$703,000 ",,,
"Mercedes, Yermín",dh-c,0.100,"$703,000 ",,,
"Guenther, Sean",lhp,0.060,"$703,000 ",,,
"Gose, Anthony",lhp,2.139,"$702,900 ",,,
"Raleigh, Cal",c,0.085,"$702,900 ",,,
"Ellis, Drew",3b,0.042,"$702,900 ",,,
"Celestino, Gilberto",cf,0.057,"$702,850 ",,,
"Hentges, Sam",lhp,0.157,"$702,500 ",,,
"Warren, Art",rhp,0.146,"$702,500 ",,,
"Barrero (Garcia), Jose",ss,0.129,"$702,500 ",,,
"Hendrix, Ryan",rhp,0.097,"$702,500 ",,,
"Santillan, Tony",rhp,0.090,"$702,500 ",,,
"Rucker, Michael",rhp,0.066,"$702,500 ",,,
"Ridings, Stephen",rhp,0.000,"$702,500 ",,,
"McCarthy, Jake",lf,0.038,"$702,400 ",,,
"Bradley, Bobby",1b,0.144,"$702,300 ",,,
"Topa, Justin",rhp,1.058,"$702,200 ",,,
"Thompson, Mason",rhp,0.080,"$702,200 ",,,
"Morgan, Eli",rhp,0.108,"$702,100 ",,,
"Emanuel, Kent",lhp,0.164,"$702,000 ",,,
"Devers, José",ss,0.151,"$702,000 ",,,
"Gilbreath, Lucas",lhp,0.148,"$702,000 ",,,
"Joe, Connor",1b,0.136,"$702,000 ",,,
"Speier, Gabe",lhp,0.124,"$702,000 ",,,
"Trejo, Alan",ss,0.055,"$702,000 ",,,
"Kowar, Jackson",rhp-s,0.049,"$702,000 ",,,
"Henry, Payton",c,0.017,"$702,000 ",,,
"Crawford, Kutter",rhp,0.002,"$702,000 ",,,
"Isbel, Kyle",of,0.043,"$701,900 ",,,
"Allen, Logan",lhp,0.162,"$701,700 ",,,
"Sandlin, Nick",rhp,0.157,"$701,700 ",,,
"Ryan, Joe",rhp,0.033,"$701,650 ",,,
"Williams, Luke",2b-3b,0.112,"$701,500 ",,,
"Marchan, Rafael",c,0.094,"$701,500 ",,,
"Effross, Scott",rhp,0.037,"$701,500 ",,,
"Rivas, Alfonso",1b,0.037,"$701,500 ",,,
"Foley, Jason",rhp,0.033,"$701,400 ",,,
"Ruiz, Keibert",c,0.064,"$701,300 ",,,
"Perdomo, Geraldo",ss,0.015,"$701,300 ",,,
"McKay, Brendan",lhp,0.056,"$701,200 ",,,
"Miller, Owen",2b,0.091,"$701,100 ",,,
"Baz, Shane",rhp-s,0.014,"$701,100 ",,,
"Moniak, Mickey",of,0.063,"$701,000 ",,,
"Sánchez, Cristopher",lhp,0.032,"$701,000 ",,,
"Beer, Seth",of,0.024,"$701,000 ",,,
"Jones, Damon",lhp,0.020,"$701,000 ",,,
"Baumann, Michael",rhp,0.017,"$701,000 ",,,
"Krehbiel, Joey",rhp,0.014,"$701,000 ",,,
"Lowe, Josh",3b,0.003,"$701,000 ",,,
"Clement, Ernie",ss,0.096,"$700,800 ",,,
"Coleman, Dylan",rhp,0.014,"$700,650 ",,,
"Baker, Bryan",rhp,0.008,"$700,500 ",,,
"Romero, Jhon",rhp,0.011,"$700,400 ",,,
"Adon, Joan",rhp,0.001,"$700,200 ",,,
"Brash, Matt",rhp-s,0.006,"$700,100 ",,,
"Nelson, Jimmy",rhp,7.107,"$700,000 ",,,
"Gustave, Jandel",rhp,3.027,"$700,000 ",,,
"Curtiss, John",rhp,2.045,"$700,000 ",,,
"Garcia, Aramis",c,2.036,"$700,000 ",,,
"Vest, Will",rhp,0.108,"$700,000 ",,,
"Bolt, Skye",cf,0.099,"$700,000 ",,,
"Festa, Matt",rhp,0.095,"$700,000 ",,,
"Neuse, Sheldon",3b,0.078,"$700,000 ",,,
"Moll, Sam",lhp,0.075,"$700,000 ",,,
"Jefferies, Daulton",rhp,0.048,"$700,000 ",,,
"Acevedo, Domingo",rhp,0.033,"$700,000 ",,,
"Jimenez, Dany",rhp,0.031,"$700,000 ",,,
"Stiever, Jonathan",rhp,0.028,"$700,000 ",,,
"Snead, Kirby",lhp,0.028,"$700,000 ",,,
"Smith, Kevin",ss,0.027,"$700,000 ",,,
"Burger, Jake",3b,0.024,"$700,000 ",,,
"Moreta, Dauri",rhp,0.012,"$700,000 ",,,
"Honeywell, Brent",rhp,0.008,"$700,000 ",,,
"Sanmartin, Reiver",lhp,0.007,"$700,000 ",,,
"Fox, Lucius",ss,0.002,"$700,000 ",,,
"Herrera, Jose",c,0.000,"$700,000 ",,,
"Hummel, Cooper",lf,0.000,"$700,000 ",,,
"Robinson, Kristian",of,0.000,"$700,000 ",,,
"Bautista, Felix",rhp,0.000,"$700,000 ",,,
"Roberts, Ethan",rhp,0.000,"$700,000 ",,,
"Banks, Tanner",lhp,0.000,"$700,000 ",,,
"Sousa, Bennett",lhp,0.000,"$700,000 ",,,
"Diaz, Alexis",rhp,0.000,"$700,000 ",,,
"Duarte, Daniel",rhp,0.000,"$700,000 ",,,
"Greene, Hunter",rhp-s,0.000,"$700,000 ",,,
"Kwan, Steven",cf,0.000,"$700,000 ",,,
"Lavastida, Bryan",c,0.000,"$700,000 ",,,
"Morris, Cody",rhp,0.000,"$700,000 ",,,
"Pilkington, Konnor",lhp,0.000,"$700,000 ",,,
"Vargas, Carlos",rhp,0.000,"$700,000 ",,,
"Rolison, Ryan",lhp,0.000,"$700,000 ",,,
"Rodriguez, Elvin",rhp,0.000,"$700,000 ",,,
"Torkelson, Spencer",1b,0.000,"$700,000 ",,,
"Blanco, Ronel",rhp,0.000,"$700,000 ",,,
"Pena, Jeremy",ss,0.000,"$700,000 ",,,
"Snider, Collin",rhp,0.000,"$700,000 ",,,
"Witt Jr., Bobby",3b,0.000,"$700,000 ",,,
"Duran, Jhoan",rhp,0.000,"$700,000 ",,,
"Winder, Josh",rhp,0.000,"$700,000 ",,,
"Marinaccio, Ron",rhp,0.000,"$700,000 ",,,
"Sears, JP",lhp,0.000,"$700,000 ",,,
"Jackson, Zach",rhp,0.000,"$700,000 ",,,
"Lemoine, Jake",rhp,0.000,"$700,000 ",,,
"Oller, Adam",rhp,0.000,"$700,000 ",,,
"Stott, Bryson",ss,0.000,"$700,000 ",,,
"Castillo, Diego",3b,0.000,"$700,000 ",,,
"Abrams, C.J.",ss,0.000,"$700,000 ",,,
"Azocar, Jose",lf-cf,0.000,"$700,000 ",,,
"Wilson, Steven",rhp,0.000,"$700,000 ",,,
"Rodríguez, Julio",rf,0.000,"$700,000 ",,,
"Pallante, Andre",rhp,0.000,"$700,000 ",,,
"Junis, Jakob",rhp-s,4.016,,,,
"Andújar, Miguel",3b,3.117,,,,
"Locastro, Tim",2b-of,3.010,,,,
"James, Josh",rhp,2.168,,,,
"Kolarek, Adam",lhp,2.166,,,,
"Poche, Colin",lhp,2.114,,,,
"Margevicius, Nick",lhp,2.100,,,,
"Hernandez, Darwinzon",lhp,2.080,,,,
"Toussaint, Touki",rhp,2.065,,,,
"Rengifo, Luis",2b,2.064,,,,
"López, Yoan",rhp,2.058,,,,
"Harvey, Hunter",rhp,2.047,,,,
"Buttrey, Ty",rhp,2.046,,,,
"Fernández, Julian",rhp,2.033,,,,
"Moran, Brian",lhp,2.027,,,,
"Castro, Willi",ss,2.017,,,,
"Peterson, David",lhp,2.000,,,,
"Thompson, Ryan",rhp,2.000,,,,
"Widener, Taylor",rhp-s,2.000,,,,
"Garcia, Bryan",rhp,1.148,,,,
"Bielak, Brandon",rhp-s,1.143,,,,
"Haseley, Adam",of,1.132,,,,
"Patton, Spencer",rhp,1.126,,,,
"Hatch, Thomas",rhp,1.123,,,,
"Fernández, Junior",rhp,1.112,,,,
"Velazquez, Andrew",ss-3b,1.106,,,,
"Rodriguez, Dereck",rhp,1.102,,,,
"Paredes, Enoli",rhp,1.096,,,,
"Kay, Anthony",lhp,1.091,,,,
"Holloway, Jordan",rhp,1.087,,,,
"Jackson, Alex",c,1.076,,,,
"Reyes, Pablo",2b-of,1.051,,,,
"Olivarez, Helcris",lhp,1.048,,,,
"García, Luis",ss,1.037,,,,
"Castro, Anthony",rhp,1.015,,,,
"Perdomo, Angel",lhp,1.010,,,,
"Paredes, Isaac",ss,1.009,,,,
"Taveras, Leody",cf,1.009,,,,
"Lambert, Jimmy",rhp,1.007,,,,
"Rogers, Josh",lhp-s,1.001,,,,
"Espinoza, Anderson",rhp,1.000,,,,
"Pop, Zach",rhp,1.000,,,,
"Stephens, Jackson",rhp,1.000,,,,
"Weathers, Ryan",lhp,0.168,,,,
"Rooker, Brent",of,0.167,,,,
"Thaiss, Matt",c,0.162,,,,
"Clay, Sam",lhp,0.161,,,,
"Bolaños, Ronald",rhp,0.159,,,,
"Davis, Jaylin",of,0.159,,,,
"Huff, Sam",c,0.158,,,,
"Oviedo, Johan",rhp,0.156,,,,
"Gerber, Joey",rhp,0.153,,,,
"Demeritte, Travis",of,0.152,,,,
"Bowden, Ben",lhp,0.150,,,,
"Cameron, Daz",of,0.148,,,,
"McKinstry, Zach",2b,0.148,,,,
"Bickford, Phil",rhp,0.145,,,,
"Evans, DeMarcus",rhp,0.143,,,,
"Peacock, Matt",rhp,0.141,,,,
"Tinoco, Jesus",rhp,0.137,,,,
"Tapia, Domingo",rhp,0.125,,,,
"Heineman, Tyler",c,0.121,,,,
"Díaz, Lewin",1b,0.104,,,,
"Sánchez, Sixto",rhp-s,0.103,,,,
"Larnach, Trevor",of,0.101,,,,
"File, Dylan",rhp,0.099,,,,
"Campusano, Luis",c,0.095,,,,
"Campbell, Paul",rhp,0.093,,,,
"Jax, Griffin",rhp,0.091,,,,
"Mejía, J.C.",rhp,0.089,,,,
"Zeuch, T.J.",rhp,0.089,,,,
"Maton, Nick",ss,0.088,,,,
"Short, Zack",ss,0.088,,,,
"Walton, Donnie",2b,0.088,,,,
"Sánchez, Miguel",rhp,0.087,,,,
"Garza, Ralph",rhp,0.084,,,,
"Trammell, Taylor",of,0.082,,,,
"Mazeika, Patrick",c,0.080,,,,
"Santos, Antonio",rhp,0.080,,,,
"McKay, David",rhp,0.079,,,,
"Watkins, Spenser",rhp,0.079,,,,
"Nelson, Kyle",lhp,0.076,,,,
"Rivera, Emmanuel",3b-1b,0.074,,,,
"Rodríguez, Manuel",rhp,0.074,,,,
"Wantz, Andrew",rhp,0.074,,,,
"Nance, Tommy",rhp,0.070,,,,
"Sánchez, Ali",c,0.070,,,,
"Duran, Jarren",cf,0.068,,,,
"Lawrence, Justin",rhp,0.064,,,,
"Gilbert, Tyler",lhp,0.062,,,,
"Vosler, Jason",3b,0.061,,,,
"García, Deivi",rhp,0.060,,,,
"Hernandez, Yonny",ss,0.060,,,,
"Mills, Wyatt",rhp,0.060,,,,
"Uceta, Edwin",rhp,0.060,,,,
"Rivero, Sebastian",c,0.059,,,,
"Wells, Alex",lhp,0.055,,,,
"Danish, Tyler",rhp,0.051,,,,
"Jones, Jahmai",2b,0.051,,,,
"Raley, Luke",rf,0.051,,,,
"Fairchild, Stuart",of,0.048,,,,
"Castro, Rodolfo",2b,0.045,,,,
"Garrett, Braxton",lhp,0.045,,,,
"Snyder, Nick",rhp,0.045,,,,
"Vasquez, Andrew",lhp,0.045,,,,
"Lowther, Zac",lhp,0.043,,,,
"Naughton, Packy",lhp,0.041,,,,
"Cabrera, Edward",rhp,0.040,,,,
"Otto, Glenn",rhp-s,0.038,,,,
"Barrera, Luis",cf,0.037,,,,
"Tyler, Kyle",rhp,0.037,,,,
"Alexy, A.J.",rhp,0.035,,,,
"Muller, Kyle",lhp,0.035,,,,
"Knehr, Reiss",rhp,0.034,,,,
"Marcano, Tucupita",2b,0.034,,,,
"Marte, Jose",rhp,0.034,,,,
"Florial, Estevan",of,0.030,,,,
"Núñez, Darien",lhp,0.030,,,,
"Lopez, Alejo",2b,0.029,,,,
"Castro, Kervin",rhp,0.028,,,,
"Junk, Janson",rhp,0.027,,,,
"Medina, Adonis",rhp,0.027,,,,
"Wong, Connor",c,0.027,,,,
"Klobosits, Gabe",rhp,0.026,,,,
"Welker, Colton",3b,0.026,,,,
"Peguero, Elvis",rhp,0.024,,,,
"Moran, Jovani",lhp,0.023,,,,
"Padlo, Kevin",3b,0.023,,,,
"Solomon, Peter",rhp,0.022,,,,
"Szapucki, Thomas",lhp,0.022,,,,
"Bettinger, Alec",rhp,0.020,,,,
"Gonzalez, Romy",2b,0.020,,,,
"Deichmann, Greg",of,0.019,,,,
"Lee, Khalil",of,0.019,,,,
"Abbott, Cory",rhp,0.017,,,,
"Fortes, Nick",c,0.017,,,,
"Heasley, Jon",rhp-s,0.017,,,,
"Perez, Francisco",lhp,0.017,,,,
"Frías, Luis",rhp,0.016,,,,
"Friedl, T.J.",lf,0.016,,,,
"Gil, Luis",rhp,0.015,,,,
"Reks, Zach",lf,0.015,,,,
"Bruján, Vidal",2b,0.014,,,,
"Feltner, Ryan",rhp,0.013,,,,
"Romero, Miguel",rhp,0.013,,,,
"Nevin, Tyler",3b,0.011,,,,
"Rondón, Angel",rhp,0.011,,,,
"Diaz, Jhonathan",lhp,0.010,,,,
"Crouse, Hans",rhp,0.008,,,,
"Lee, Dylan",lhp,0.007,,,,
"Martinez, Seth",rhp,0.006,,,,
"Santos, Gregory",rhp,0.006,,,,
"Vilade, Ryan",lf,0.006,,,,
"Lopez, Otto",2b,0.005,,,,
"Avila, Pedro",rhp,0.004,,,,
"Jackson, Andre",rhp,0.004,,,,
"Ray, Corey",of,0.004,,,,
"Zerpa, Angel",lhp,0.004,,,,
"Kolozsvary, Mark",c,0.003,,,,
"Márquez, Brailyn",lhp,0.003,,,,
"Contreras, Roansy",rhp,0.002,,,,
"Cruz, Oneil",ss,0.002,,,,
"Feliciano, Mario",c,0.002,,,,
"Seabold, Connor",rhp,0.001,,,,
"Allen, Nick",ss,0.000,,,,
"Amaya, Jacob",2b-ss,0.000,,,,
"Amaya, Miguel",c,0.000,,,,
"Antuna, Yasel",of,0.000,,,,
"Aranda, Jonathan",2b,0.000,,,,
"Arias, Gabriel",ss,0.000,,,,
"Aybar, Yoan",lhp,0.000,,,,
"Balazovic, Jordan",rhp,0.000,,,,
"Bannon, Rylan",2b,0.000,,,,
"Bello, Brayan",rhp,0.000,,,,
"Bermudez, Jonathan",lhp,0.000,,,,
"Bilous, Jason",rhp,0.000,,,,
"Bowlan, Jonathan",rhp,0.000,,,,
"Bradish, Kyle",rhp,0.000,,,,
"Bride, Jonah",1b,0.000,,,,
"Butto, Jose",rhp,0.000,,,,
"Cabrera, Oswaldo",2b-3b,0.000,,,,
"Canario, Alexander",of,0.000,,,,
"Carrillo, Gerardo",rhp,0.000,,,,
"Casey, Donovan",rf,0.000,,,,
"Cerda, Allan",of,0.000,,,,
"Charles, Wandisson",rhp,0.000,,,,
"Clemens, Kody",2b,0.000,,,,
"Contreras, Efraín",rhp,0.000,,,,
"Danner, Hagen",c,0.000,,,,
"Davis, Brendon",3b,0.000,,,,
"Davis, Noah",rhp,0.000,,,,
"De Jesus, Angel",rhp,0.000,,,,
"Diaz, Jordan",3b,0.000,,,,
"Diaz, Yusniel",of,0.000,,,,
"Donovan, Brendan",2b,0.000,,,,
"Downs, Jeter",ss,0.000,,,,
"Dubin, Shawn",rhp,0.000,,,,
"Duran, Ezequiel",2b,0.000,,,,
"Elder, Bryce",rhp,0.000,,,,
"Encarnación, Jerar",rf,0.000,,,,
"Enlow, Blayne",rhp,0.000,,,,
"Faedo, Alex",rhp,0.000,,,,
"Faucher, Calvin",rhp,0.000,,,,
"Francis, Bowden",rhp,0.000,,,,
"Freeman, Tyler",ss,0.000,,,,
"Garcia, Luis",ss,0.000,,,,
"Garcia, Maikel",ss,0.000,,,,
"Gillaspie, Logan",rhp,0.000,,,,
"Gómez, Yoendrys",rhp,0.000,,,,
"Gore, MacKenzie",lhp,0.000,,,,
"Groome, Jay",lhp,0.000,,,,
"Grove, Michael",rhp,0.000,,,,
"Hall, D.L.",lhp,0.000,,,,
"Henriquez, Ronny",rhp,0.000,,,,
"Hernández, Ronaldo",c,0.000,,,,
"Herrera, Iván",c,0.000,,,,
"Hjelle, Sean",rhp,0.000,,,,
"Jimenez, Leo",ss,0.000,,,,
"Jones, Nolan",3b,0.000,,,,
"Juan, Jorge",rhp,0.000,,,,
"Kerr, Ray",lhp,0.000,,,,
"Lee, Evan",lhp,0.000,,,,
"Leonard, Eddys",ss,0.000,,,,
"Lewis, Royce",ss,0.000,,,,
"Lodolo, Nick",lhp,0.000,,,,
"Logue, Zach",lhp,0.000,,,,
"Marinan, James",rhp,0.000,,,,
"Marte, Yunior",rhp,0.000,,,,
"Martinez, Adrian",rhp,0.000,,,,
"Mata, Bryan",rhp,0.000,,,,
"Mauricio, Ronny",ss,0.000,,,,
"McArthur, James",rhp,0.000,,,,
"Medina, Luis",rhp,0.000,,,,
"Melendez, M.J.",c,0.000,,,,
"Miranda, Jose",2b,0.000,,,,
"Montero, Elehuris",3b,0.000,,,,
"Morales, Francisco",rhp,0.000,,,,
"Morel, Christopher",3b,0.000,,,,
"Moreno, Gabriel",c,0.000,,,,
"Muzziotti, Simon",cf,0.000,,,,
"Myers, Tobias",rhp,0.000,,,,
"Noel, Jhonkensy",1b-3b,0.000,,,,
"Ortiz, Jhailyn",rf,0.000,,,,
"Outman, James",cf,0.000,,,,
"Pacheco, Freddy",rhp,0.000,,,,
"Palacios, Richie",2b,0.000,,,,
"Peguero, Liover",ss,0.000,,,,
"Peraza, Oswald",ss,0.000,,,,
"Pereira, Everson",cf,0.000,,,,
"Perez, Joe",rhp,0.000,,,,
"Pinto, René",c,0.000,,,,
"Plummer, Nick",of,0.000,,,,
"Pratto, Nick",1b,0.000,,,,
"Proctor, Ford",c-inf,0.000,,,,
"Ramos, Heliot",of,0.000,,,,
"Rangel, Alan",rhp,0.000,,,,
"Rocchio, Brayan",ss,0.000,,,,
"Rodriguez, Alberto",rf,0.000,,,,
"Rodriguez, Randy",rhp,0.000,,,,
"Rodriguez, Yerry",rhp,0.000,,,,
"Romero, Tommy",rhp,0.000,,,,
"Rosario, Eguy",2b,0.000,,,,
"Sands, Cole",rhp,0.000,,,,
"Sands, Donny",c,0.000,,,,
"Severino, Anderson",lhp,0.000,,,,
"Smith-Njigba, Canaan",of,0.000,,,,
"Smith, Kevin",lhp,0.000,,,,
"Solomon, Jared",rhp,0.000,,,,
"Strotman, Drew",rhp,0.000,,,,
"Sullivan, Brett",c-of,0.000,,,,
"Suwinski, Jack",of,0.000,,,,
"Swaggerty, Travis",of,0.000,,,,
"Tarnok, Freddy",rhp,0.000,,,,
"Tena, Jose",ss,0.000,,,,
"Then, Juan",rhp,0.000,,,,
"Thomas, Cody",lf,0.000,,,,
"Tovar, Ezequiel",ss,0.000,,,,
"Valera, George",rf,0.000,,,,
"Vallimont, Chris",rhp,0.000,,,,
"Vanasco, Ricky",rhp,0.000,,,,
"Vavra, Terrin",2b,0.000,,,,
"Velazquez, Nelson",of,0.000,,,,
"Vientos, Mark",3b,0.000,,,,
"Vivas, Jorbit",2b,0.000,,,,
"Vizcaíno, Alexander",rhp,0.000,,,,
"Walsh, Jake",rhp,0.000,,,,
"Waters, Drew",of,0.000,,,,
"Webb, Nathan",rhp,0.000,,,,
"Weiss, Ryan",rhp,0.000,,,,
"Wentz, Joey",lhp,0.000,,,,
"Whitley, Forrest",rhp,0.000,,,,
"Wilson, Brooks",rhp,0.000,,,,
"Winckowski, Josh",rhp,0.000,,,,
"Woods, William",rhp,0.000,,,,
"Yepez, Juan",1b,0.000,,,,